sutta,character,id,is_physically_present,mentioned_by_name,has_speaking_role,has_teaching_role,type,aliases
mn1,Buddha,buddha,TRUE,TRUE,TRUE,TRUE,buddha,
mn2,Buddha,buddha,TRUE,TRUE,TRUE,TRUE,buddha,
mn3,Buddha,buddha,TRUE,TRUE,TRUE,TRUE,buddha,
mn3,Sāriputta,sāriputta,TRUE,TRUE,TRUE,TRUE,enlightened monk,
mn4,Buddha,buddha,TRUE,TRUE,TRUE,TRUE,buddha,
mn4,Jāṇussoṇi,jāṇussoṇi,TRUE,TRUE,TRUE,FALSE,male lay follower,
mn5,Buddha,buddha,FALSE,TRUE,FALSE,FALSE,buddha,
mn5,Mahāmoggallāna,mahāmoggallāna,TRUE,TRUE,TRUE,FALSE,enlightened monk,Moggallāna
mn5,Paṇḍuputta,paṇḍuputta,FALSE,TRUE,TRUE,FALSE,,
mn5,Samīti,samīti,FALSE,TRUE,FALSE,FALSE,,
mn5,Sāriputta,sāriputta,TRUE,TRUE,TRUE,TRUE,enlightened monk,
mn6,Buddha,buddha,TRUE,TRUE,TRUE,TRUE,buddha,
mn7,Buddha,buddha,TRUE,TRUE,TRUE,TRUE,buddha,
mn7,Sundarika Bhāradvāja,sundarika,TRUE,TRUE,TRUE,FALSE,,
mn8,Buddha,buddha,TRUE,TRUE,TRUE,TRUE,buddha,
mn8,Mahācunda,Cunda2,TRUE,TRUE,TRUE,FALSE,enlightened monk,Cunda
mn9,Buddha,buddha,FALSE,TRUE,FALSE,FALSE,buddha,
mn9,Sāriputta,sāriputta,TRUE,TRUE,TRUE,TRUE,enlightened monk,
mn10,Buddha,buddha,TRUE,TRUE,TRUE,TRUE,buddha,
mn11,Buddha,buddha,TRUE,TRUE,TRUE,TRUE,buddha,
mn12,Buddha,buddha,TRUE,TRUE,TRUE,TRUE,buddha,
mn12,Nāgasamāla,nāgasamāla,TRUE,TRUE,TRUE,FALSE,,
mn12,Sāriputta,sāriputta,TRUE,TRUE,FALSE,FALSE,enlightened monk,
mn12,Sunakkhatta,sunakkhatta,FALSE,TRUE,TRUE,FALSE,,
mn13,Buddha,buddha,TRUE,TRUE,TRUE,TRUE,buddha,
mn14,Bimbisāra,bimbisāra,FALSE,TRUE,FALSE,FALSE,,
mn14,Buddha,buddha,TRUE,TRUE,TRUE,TRUE,buddha,
mn14,Mahānāma,Mahānāma1,TRUE,TRUE,TRUE,FALSE,,
mn14,Nātaputta,nigaṇṭha-nāṭaputta,FALSE,TRUE,TRUE,FALSE,,
mn15,Mahāmoggallāna,mahāmoggallāna,TRUE,TRUE,TRUE,TRUE,enlightened monk,Moggallāna
mn16,Buddha,buddha,TRUE,TRUE,TRUE,TRUE,buddha,
mn17,Buddha,buddha,TRUE,TRUE,TRUE,TRUE,buddha,
mn18,Ānanda,ānanda,TRUE,TRUE,TRUE,FALSE,enlightened monk,
mn18,Buddha,buddha,TRUE,TRUE,TRUE,TRUE,buddha,
mn18,Daṇḍapāṇi,daṇḍapāṇi,TRUE,TRUE,TRUE,FALSE,,
mn18,Mahākaccāna,mahākaccāyana,TRUE,TRUE,TRUE,TRUE,enlightened monk,
mn19,Buddha,buddha,TRUE,TRUE,TRUE,TRUE,buddha,
mn19,Māra,māra,FALSE,TRUE,FALSE,FALSE,,
mn20,Buddha,buddha,TRUE,TRUE,TRUE,TRUE,buddha,
mn21,Buddha,buddha,TRUE,TRUE,TRUE,TRUE,buddha,
mn21,Kāḷī,Kāḷī2,FALSE,TRUE,TRUE,FALSE,,
mn21,Phagguna,,TRUE,TRUE,TRUE,FALSE,,
mn21,Vedehikā,vedehikā,FALSE,TRUE,TRUE,FALSE,,
mn22,Ariṭṭha,Ariṭṭha1,TRUE,TRUE,TRUE,FALSE,,
mn22,Brahmā,,FALSE,TRUE,FALSE,FALSE,,
mn22,Buddha,buddha,TRUE,TRUE,TRUE,TRUE,buddha,
mn22,Indra,Inda2,FALSE,TRUE,FALSE,FALSE,,
mn22,Pajāpati,pajāpati,FALSE,TRUE,FALSE,FALSE,,
mn23,Buddha,buddha,TRUE,TRUE,TRUE,TRUE,buddha,
mn23,Kassapa the Prince,kumārakassapa,TRUE,TRUE,TRUE,FALSE,,
mn24,Buddha,buddha,TRUE,TRUE,TRUE,FALSE,buddha,
mn24,Pasenadi,pasenadi,FALSE,TRUE,FALSE,FALSE,,
mn24,Puṇṇa Mantāṇiputta,Puṇṇa3,TRUE,TRUE,TRUE,TRUE,,
mn24,Sāriputta,sāriputta,TRUE,TRUE,TRUE,FALSE,enlightened monk,
mn25,Buddha,buddha,TRUE,TRUE,TRUE,TRUE,buddha,
mn25,Māra,māra,FALSE,TRUE,FALSE,FALSE,,
mn26,Āḷāra Kālāma,āḷārakālāma,FALSE,TRUE,TRUE,FALSE,,Kālāma
mn26,Ānanda,ānanda,TRUE,TRUE,TRUE,FALSE,enlightened monk,
mn26,Assaji,Assaji1,FALSE,FALSE,FALSE,FALSE,enlightened monk,
mn26,Bhaddiya,,FALSE,FALSE,FALSE,FALSE,,
mn26,Buddha,buddha,TRUE,TRUE,TRUE,TRUE,buddha,
mn26,Koṇḍañña,aññātakoṇḍañña,FALSE,FALSE,FALSE,FALSE,enlightened monk,
mn26,Mahānāma,,FALSE,FALSE,FALSE,FALSE,,
mn26,Māra,māra,FALSE,TRUE,FALSE,FALSE,,
mn26,Rāma,,FALSE,TRUE,FALSE,FALSE,,
mn26,Sahampati,sahampati,FALSE,TRUE,TRUE,FALSE,,
mn26,Uddaka,uddaka,FALSE,TRUE,TRUE,FALSE,,
mn26,Upaka,Upaka1,FALSE,TRUE,TRUE,FALSE,,
mn26,Vappa,Vappa1,FALSE,FALSE,FALSE,FALSE,,
mn27,Buddha,buddha,TRUE,TRUE,TRUE,TRUE,buddha,
mn27,Jāṇussoṇi,jāṇussoṇi,TRUE,TRUE,TRUE,FALSE,,
mn27,Pilotika,pilotika,TRUE,TRUE,TRUE,FALSE,,
mn28,Buddha,buddha,FALSE,TRUE,FALSE,FALSE,buddha,
mn28,Sāriputta,sāriputta,TRUE,TRUE,TRUE,TRUE,enlightened monk,
mn29,Buddha,buddha,TRUE,TRUE,TRUE,TRUE,buddha,
mn29,Devadatta,devadatta,FALSE,TRUE,FALSE,FALSE,,
mn30,Ajita Kesakambala,ajitakesakambala,FALSE,TRUE,FALSE,FALSE,,
mn30,Buddha,buddha,TRUE,TRUE,TRUE,TRUE,buddha,
mn30,Makkhali Gosāla,makkhali,FALSE,TRUE,FALSE,FALSE,,
mn30,Nātaputta,nigaṇṭha-nāṭaputta,FALSE,TRUE,FALSE,FALSE,,
mn30,Pakudha Kaccāyana,pakudha,FALSE,TRUE,FALSE,FALSE,,
mn30,Piṅgalakoccha,piṅgalakoccha,TRUE,TRUE,TRUE,FALSE,,
mn30,Pūraṇa Kassapa,pūraṇa-kassapa,FALSE,TRUE,FALSE,FALSE,,
mn30,Sañjaya Belaṭṭhiputta,Sañjaya3,FALSE,TRUE,FALSE,FALSE,,
mn31,Anuruddha,anuruddha,TRUE,TRUE,TRUE,FALSE,enlightened monk,
mn31,Buddha,buddha,TRUE,TRUE,TRUE,TRUE,buddha,
mn31,Dīgha Parajana,,TRUE,TRUE,TRUE,FALSE,,
mn31,Kimbila,kimbila,TRUE,TRUE,TRUE,FALSE,,
mn31,Nandiya,Nandiya1,TRUE,TRUE,TRUE,FALSE,,
mn32,Ānanda,ānanda,TRUE,TRUE,TRUE,FALSE,enlightened monk,
mn32,Anuruddha,anuruddha,TRUE,TRUE,TRUE,FALSE,enlightened monk,
mn32,Buddha,buddha,TRUE,TRUE,TRUE,FALSE,buddha,
mn32,Mahākassapa,mahākassapa,TRUE,TRUE,TRUE,FALSE,enlightened monk,
mn32,Mahāmoggallāna,mahāmoggallāna,TRUE,TRUE,TRUE,FALSE,enlightened monk,Moggallāna
mn32,Revata,Revata1,TRUE,TRUE,TRUE,FALSE,,
mn32,Sāriputta,sāriputta,TRUE,TRUE,TRUE,FALSE,enlightened monk,
mn33,Buddha,buddha,TRUE,TRUE,TRUE,TRUE,buddha,
mn34,Buddha,buddha,TRUE,TRUE,TRUE,TRUE,buddha,
mn34,Māra,māra,FALSE,TRUE,FALSE,FALSE,,
mn35,Ajātasattu,ajātasattu,FALSE,TRUE,FALSE,FALSE,,
mn35,Assaji,Assaji1,TRUE,TRUE,TRUE,FALSE,enlightened monk,
mn35,Buddha,buddha,TRUE,TRUE,TRUE,TRUE,buddha,
mn35,Dummukha,dummukha,TRUE,TRUE,TRUE,FALSE,,
mn35,Pasenadi,pasenadi,FALSE,TRUE,FALSE,FALSE,,
mn35,Saccaka,,TRUE,TRUE,TRUE,FALSE,,
mn35,Vajirapāṇi,vajirapāṇi,TRUE,TRUE,TRUE,FALSE,,
mn36,Āḷāra Kālāma,āḷārakālāma,FALSE,TRUE,TRUE,FALSE,,Kālāma
mn36,Ajita Kesakambala,ajitakesakambala,FALSE,TRUE,FALSE,FALSE,,
mn36,Ānanda,ānanda,TRUE,TRUE,TRUE,FALSE,enlightened monk,
mn36,Assaji,Assaji1,FALSE,FALSE,FALSE,FALSE,enlightened monk,
mn36,Bhaddiya,,FALSE,FALSE,FALSE,FALSE,,
mn36,Buddha,buddha,TRUE,TRUE,TRUE,TRUE,buddha,
mn36,Kisa Saṅkicca,kisasaṅkicca,FALSE,TRUE,FALSE,FALSE,,
mn36,Koṇḍañña,aññātakoṇḍañña,FALSE,FALSE,FALSE,FALSE,enlightened monk,
mn36,Mahānāma,,FALSE,FALSE,FALSE,FALSE,,
mn36,Makkhali Gosāla,makkhali,FALSE,TRUE,FALSE,FALSE,,
mn36,Nanda Vaccha,,FALSE,TRUE,FALSE,FALSE,,
mn36,Nātaputta,nigaṇṭha-nāṭaputta,FALSE,TRUE,FALSE,FALSE,,
mn36,Pakudha Kaccāyana,pakudha,FALSE,TRUE,FALSE,FALSE,,
mn36,Pūraṇa Kassapa,pūraṇa-kassapa,FALSE,TRUE,FALSE,FALSE,,
mn36,Rāma,,FALSE,TRUE,TRUE,FALSE,,
mn36,Saccaka,,TRUE,TRUE,TRUE,FALSE,,
mn36,Sañjaya Belaṭṭhiputta,Sañjaya3,FALSE,TRUE,FALSE,FALSE,,
mn36,Suddhodana,suddhodana,FALSE,FALSE,FALSE,FALSE,,
mn36,Uddaka,uddaka,FALSE,TRUE,TRUE,FALSE,,
mn36,Vappa,Vappa1,FALSE,FALSE,FALSE,FALSE,,
mn37,Buddha,buddha,TRUE,TRUE,TRUE,TRUE,buddha,
mn37,Mahāmoggallāna,mahāmoggallāna,TRUE,TRUE,TRUE,FALSE,enlightened monk,Moggallāna
mn37,Sakka,sakka,TRUE,TRUE,TRUE,FALSE,deva,
mn37,Vessavaṇa,,TRUE,TRUE,FALSE,FALSE,deva,
mn38,Buddha,buddha,TRUE,TRUE,TRUE,TRUE,buddha,
mn38,Sāti,sāti,TRUE,TRUE,TRUE,FALSE,,
mn39,Buddha,buddha,TRUE,TRUE,TRUE,TRUE,buddha,
mn40,Buddha,buddha,TRUE,TRUE,TRUE,TRUE,buddha,
mn41,Buddha,buddha,TRUE,TRUE,TRUE,TRUE,buddha,
mn42,Buddha,buddha,TRUE,TRUE,TRUE,TRUE,buddha,
mn43,Buddha,buddha,FALSE,TRUE,FALSE,FALSE,buddha,
mn43,Mahākoṭṭhita,mahākoṭṭhita,TRUE,TRUE,TRUE,FALSE,enlightened monk,
mn43,Sāriputta,sāriputta,TRUE,TRUE,TRUE,TRUE,enlightened monk,
mn44,Buddha,buddha,TRUE,TRUE,TRUE,FALSE,buddha,
mn44,Dhammadinnā,dhammadinnā,TRUE,TRUE,TRUE,TRUE,,
mn44,Visākha,Visakha1,TRUE,TRUE,TRUE,FALSE,,
mn45,Buddha,buddha,TRUE,TRUE,TRUE,TRUE,buddha,
mn46,Buddha,buddha,TRUE,TRUE,TRUE,TRUE,buddha,
mn47,Buddha,buddha,TRUE,TRUE,TRUE,TRUE,buddha,
mn48,Buddha,buddha,TRUE,TRUE,TRUE,TRUE,buddha,
mn49,Baka,baka,TRUE,TRUE,TRUE,FALSE,,
mn49,Buddha,buddha,TRUE,TRUE,TRUE,TRUE,buddha,
mn49,Māra,māra,TRUE,TRUE,TRUE,FALSE,,
mn50,Brahmā,,FALSE,TRUE,FALSE,FALSE,,
mn50,Dūsī,dūsī,FALSE,TRUE,TRUE,FALSE,,
mn50,Kāḷī,Kāḷī3,FALSE,TRUE,FALSE,FALSE,,
mn50,Kakusandha,kakusandha,FALSE,TRUE,TRUE,TRUE,,
mn50,Mahāmoggallāna,mahāmoggallāna,TRUE,TRUE,TRUE,FALSE,enlightened monk,Moggallāna
mn50,Māra,māra,TRUE,TRUE,TRUE,FALSE,,
mn50,Sakka,sakka,FALSE,TRUE,FALSE,FALSE,deva,
mn50,Sañjīva,sañjīva,FALSE,TRUE,FALSE,FALSE,,
mn50,Vidhura,vidhura,FALSE,TRUE,FALSE,FALSE,,
mn51,Buddha,buddha,TRUE,TRUE,TRUE,TRUE,buddha,
mn51,Kandaraka,kandaraka,TRUE,TRUE,TRUE,FALSE,,
mn51,Pessa,pessa,TRUE,TRUE,TRUE,FALSE,,
mn52,Ānanda,ānanda,TRUE,TRUE,TRUE,TRUE,enlightened monk,
mn52,Dasama,dasama,TRUE,TRUE,TRUE,FALSE,,
mn53,Ānanda,ānanda,TRUE,TRUE,TRUE,TRUE,enlightened monk,
mn53,Buddha,buddha,TRUE,TRUE,TRUE,FALSE,buddha,
mn53,Mahānāma,Mahānāma1,TRUE,TRUE,FALSE,FALSE,,
mn53,Sanaṅkumāra,sanaṅkumāra,FALSE,TRUE,TRUE,FALSE,,
mn54,Buddha,buddha,TRUE,TRUE,TRUE,TRUE,buddha,
mn54,Potaliya,potaliya,TRUE,TRUE,TRUE,FALSE,,
mn55,Brahmā,,FALSE,TRUE,FALSE,FALSE,,
mn55,Buddha,buddha,TRUE,TRUE,TRUE,TRUE,buddha,
mn55,Jīvaka,jīvaka,TRUE,TRUE,TRUE,FALSE,,
mn56,Buddha,buddha,TRUE,TRUE,TRUE,TRUE,buddha,
mn56,Nātaputta,nigaṇṭha-nāṭaputta,TRUE,TRUE,TRUE,FALSE,,
mn56,Rattapāṇi,rattapāṇi,FALSE,TRUE,TRUE,FALSE,,
mn56,Tapassī,dīghatapassī,TRUE,TRUE,TRUE,FALSE,,
mn56,Upāli,Upāli3,TRUE,TRUE,TRUE,TRUE,,
mn57,Buddha,buddha,TRUE,TRUE,TRUE,TRUE,buddha,
mn57,Puṇṇa Koliyaputta,Puṇṇa2,TRUE,TRUE,TRUE,FALSE,,
mn57,Seniya,seniya,TRUE,TRUE,TRUE,FALSE,,
mn58,Buddha,buddha,TRUE,TRUE,TRUE,TRUE,buddha,
mn58,Devadatta,devadatta,FALSE,TRUE,FALSE,FALSE,,
mn58,Nātaputta,nigaṇṭha-nāṭaputta,TRUE,TRUE,TRUE,FALSE,,
mn58,Prince Abhaya,Abhaya2,TRUE,TRUE,TRUE,FALSE,,
mn59,Ānanda,ānanda,TRUE,TRUE,FALSE,FALSE,enlightened monk,
mn59,Buddha,buddha,TRUE,TRUE,TRUE,TRUE,buddha,
mn59,Pañcakaṅga,pañcakaṅga,TRUE,TRUE,TRUE,FALSE,,
mn59,Udāyī,Udāyī1,TRUE,TRUE,TRUE,FALSE,,
mn60,Buddha,buddha,TRUE,TRUE,TRUE,TRUE,buddha,
mn61,Buddha,buddha,TRUE,TRUE,TRUE,TRUE,buddha,
mn61,Rāhula,rāhula,TRUE,TRUE,TRUE,FALSE,enlightened monk,
mn62,Buddha,buddha,TRUE,TRUE,TRUE,TRUE,buddha,
mn62,Rāhula,rāhula,TRUE,TRUE,TRUE,FALSE,enlightened monk,
mn62,Sāriputta,sāriputta,TRUE,TRUE,TRUE,FALSE,enlightened monk,
mn63,Buddha,buddha,TRUE,TRUE,TRUE,TRUE,buddha,
mn63,Māluṅkya,māluṅkyāputta,TRUE,TRUE,TRUE,FALSE,,
mn64,Ānanda,ānanda,TRUE,TRUE,TRUE,FALSE,enlightened monk,
mn64,Buddha,buddha,TRUE,TRUE,TRUE,TRUE,buddha,
mn64,Māluṅkya,māluṅkyāputta,TRUE,TRUE,TRUE,FALSE,,
mn65,Bhaddāli,bhaddāli,TRUE,TRUE,TRUE,FALSE,,
mn65,Buddha,buddha,TRUE,TRUE,TRUE,TRUE,buddha,
mn66,Buddha,buddha,TRUE,TRUE,TRUE,TRUE,buddha,
mn66,Udāyī,Udāyī1,TRUE,TRUE,TRUE,FALSE,,
mn67,Ānanda,ānanda,TRUE,TRUE,TRUE,FALSE,enlightened monk,
mn67,Buddha,buddha,TRUE,TRUE,TRUE,TRUE,buddha,
mn67,Mahāmoggallāna,mahāmoggallāna,TRUE,TRUE,TRUE,FALSE,enlightened monk,Moggallāna
mn67,Sahampati,sahampati,TRUE,TRUE,TRUE,FALSE,,
mn67,Sāriputta,sāriputta,TRUE,TRUE,TRUE,FALSE,enlightened monk,
mn68,Ānanda,ānanda,TRUE,TRUE,FALSE,FALSE,enlightened monk,
mn68,Anuruddha,anuruddha,TRUE,TRUE,TRUE,FALSE,enlightened monk,
mn68,Bhaddiya,,TRUE,TRUE,FALSE,FALSE,,
mn68,Bhagu,,TRUE,TRUE,FALSE,FALSE,,
mn68,Buddha,buddha,TRUE,TRUE,TRUE,TRUE,buddha,
mn68,Kimbila,kimbila,TRUE,TRUE,FALSE,FALSE,,
mn68,Koṇḍañña,kuṇḍadhāna,TRUE,TRUE,FALSE,FALSE,enlightened monk,
mn68,Revata,Revata1,TRUE,TRUE,FALSE,FALSE,,
mn69,Buddha,buddha,FALSE,TRUE,FALSE,FALSE,buddha,
mn69,Gulissāni,gulissāni,FALSE,TRUE,FALSE,FALSE,,
mn69,Mahāmoggallāna,mahāmoggallāna,TRUE,TRUE,TRUE,FALSE,enlightened monk,Moggallāna
mn69,Sāriputta,sāriputta,TRUE,TRUE,TRUE,TRUE,enlightened monk,
mn70,Assaji,Assaji2,FALSE,TRUE,FALSE,FALSE,enlightened monk,
mn70,Buddha,buddha,TRUE,TRUE,TRUE,TRUE,buddha,
mn70,Punabbasuka,Punabbasu2,FALSE,TRUE,FALSE,FALSE,,
mn71,Buddha,buddha,TRUE,TRUE,TRUE,TRUE,buddha,
mn71,Vacchagotta,vacchagotta,TRUE,TRUE,TRUE,FALSE,,
mn72,Buddha,buddha,TRUE,TRUE,TRUE,TRUE,buddha,
mn72,Vacchagotta,vacchagotta,TRUE,TRUE,TRUE,FALSE,,
mn73,Buddha,buddha,TRUE,TRUE,TRUE,TRUE,buddha,
mn73,Vacchagotta,vacchagotta,TRUE,TRUE,TRUE,FALSE,,
mn74,Buddha,buddha,TRUE,TRUE,TRUE,TRUE,buddha,
mn74,Dīghanakha,dīghanakha,TRUE,TRUE,TRUE,FALSE,,
mn74,Sāriputta,sāriputta,TRUE,TRUE,TRUE,FALSE,enlightened monk,
mn75,Bhāradvāja,Bhāradvāja5,TRUE,TRUE,TRUE,FALSE,,
mn75,Buddha,buddha,TRUE,TRUE,TRUE,TRUE,buddha,
mn75,Māgaṇḍiya,Māgaṇḍiya2,TRUE,TRUE,TRUE,FALSE,,
mn76,Ānanda,ānanda,TRUE,TRUE,TRUE,TRUE,enlightened monk,
mn76,Buddha,buddha,FALSE,TRUE,FALSE,FALSE,buddha,
mn76,Kisa Saṅkicca,kisasaṅkicca,FALSE,TRUE,FALSE,FALSE,,
mn76,Makkhali Gosāla,makkhali,FALSE,TRUE,FALSE,FALSE,,
mn76,Nanda Vaccha,,FALSE,TRUE,FALSE,FALSE,,
mn76,Sandaka,sandaka,TRUE,TRUE,TRUE,FALSE,,
mn77,Ajita Kesakambala,ajitakesakambala,FALSE,TRUE,FALSE,FALSE,,
mn77,Annabhāra,annabhāra,FALSE,TRUE,FALSE,FALSE,,
mn77,Buddha,buddha,TRUE,TRUE,TRUE,TRUE,buddha,
mn77,Makkhali Gosāla,makkhali,FALSE,TRUE,FALSE,FALSE,,
mn77,Nātaputta,nigaṇṭha-nāṭaputta,FALSE,TRUE,FALSE,FALSE,,
mn77,Pakudha Kaccāyana,pakudha,FALSE,TRUE,FALSE,FALSE,,
mn77,Pūraṇa Kassapa,pūraṇa-kassapa,FALSE,TRUE,FALSE,FALSE,,
mn77,Sakuludāyī,sakuladāyī,TRUE,TRUE,TRUE,FALSE,,
mn77,Sañjaya Belaṭṭhiputta,Sañjaya3,FALSE,TRUE,FALSE,FALSE,,
mn77,Varadhara,varadhara,FALSE,TRUE,FALSE,FALSE,,
mn78,Buddha,buddha,TRUE,TRUE,TRUE,TRUE,buddha,
mn78,Pañcakaṅga,pañcakaṅga,TRUE,TRUE,TRUE,FALSE,,
mn78,Uggāhamāna Samaṇamuṇḍikāputta,uggāhamāna,TRUE,TRUE,TRUE,FALSE,,Uggāhamāna
mn79,Buddha,buddha,TRUE,TRUE,TRUE,TRUE,buddha,
mn79,Nātaputta,nigaṇṭha-nāṭaputta,FALSE,TRUE,FALSE,FALSE,,
mn79,Sakuludāyī,sakuladāyī,TRUE,TRUE,TRUE,FALSE,,
mn80,Buddha,buddha,TRUE,TRUE,TRUE,TRUE,buddha,
mn80,Vekhanasa,vekhaṇassa,TRUE,TRUE,TRUE,FALSE,,
mn81,Ānanda,ānanda,TRUE,TRUE,TRUE,FALSE,enlightened monk,
mn81,Buddha,buddha,TRUE,TRUE,TRUE,TRUE,buddha,
mn81,Ghaṭīkāra,ghaṭīkāra,FALSE,TRUE,TRUE,FALSE,,
mn81,Jotipāla,Jotipāla1,FALSE,TRUE,TRUE,FALSE,,
mn81,Kassapa,Kassapa1,FALSE,TRUE,TRUE,FALSE,,
mn81,Kikī,kikī,FALSE,TRUE,TRUE,FALSE,,
mn82,Buddha,buddha,TRUE,TRUE,TRUE,FALSE,buddha,
mn82,Koravya,korabya,TRUE,TRUE,TRUE,FALSE,,
mn82,Raṭṭhapāla,raṭṭhapāla,TRUE,TRUE,TRUE,TRUE,,
mn83,Ānanda,ānanda,TRUE,TRUE,TRUE,FALSE,enlightened monk,
mn83,Buddha,buddha,TRUE,TRUE,TRUE,TRUE,buddha,
mn83,Kaḷārajanaka,kaḷārajanaka,FALSE,TRUE,FALSE,FALSE,,
mn83,Makhādeva,makhādeva,FALSE,TRUE,TRUE,FALSE,,
mn83,Mātali,mātali,FALSE,TRUE,TRUE,FALSE,,
mn83,Nimi,,FALSE,TRUE,TRUE,FALSE,,
mn83,Sakka,sakka,FALSE,TRUE,TRUE,FALSE,deva,
mn84,Avantiputta,avantiputta,TRUE,TRUE,TRUE,FALSE,,
mn84,Mahākaccāna,mahākaccāyana,TRUE,TRUE,TRUE,TRUE,enlightened monk,
mn85,Āḷāra Kālāma,āḷārakālāma,FALSE,TRUE,TRUE,FALSE,,Kālāma
mn85,Ānanda,ānanda,TRUE,TRUE,TRUE,FALSE,enlightened monk,
mn85,Bodhi,bodhi,TRUE,TRUE,TRUE,FALSE,,
mn85,Buddha,buddha,TRUE,TRUE,TRUE,TRUE,buddha,
mn85,Rāma,,FALSE,TRUE,FALSE,FALSE,,
mn85,Sañjikāputta,sañjikāputta,TRUE,TRUE,TRUE,FALSE,,
mn85,Suddhodana,suddhodana,FALSE,FALSE,FALSE,FALSE,,
mn85,Uddaka,uddaka,FALSE,TRUE,TRUE,FALSE,,
mn86,Aṅgulimāla,aṅgulimāla,TRUE,TRUE,TRUE,FALSE,enlightened monk,
mn86,Bimbisāra,bimbisāra,FALSE,TRUE,FALSE,FALSE,,
mn86,Buddha,buddha,TRUE,TRUE,TRUE,TRUE,buddha,
mn86,Gagga,gagga2,FALSE,TRUE,FALSE,FALSE,,
mn86,Mantāṇī,mantāṇī,FALSE,TRUE,FALSE,FALSE,,
mn86,Pasenadi,pasenadi,TRUE,TRUE,TRUE,FALSE,,
mn87,Buddha,buddha,TRUE,TRUE,TRUE,TRUE,buddha,
mn87,Mallika,mallikā,TRUE,TRUE,TRUE,FALSE,,
mn87,Nāḷijaṅgha,nāḷijaṅgha,TRUE,TRUE,TRUE,FALSE,,
mn87,Pasenadi,pasenadi,TRUE,TRUE,TRUE,FALSE,,
mn87,Vajirī,vajirakumārī,FALSE,TRUE,FALSE,FALSE,,
mn87,Vāsabhā,vāsabhā,FALSE,TRUE,FALSE,FALSE,,
mn87,Viḍūḍabha,viḍūḍabha,FALSE,TRUE,FALSE,FALSE,,
mn88,Ajātasattu,ajātasattu,FALSE,TRUE,FALSE,FALSE,,
mn88,Ānanda,ānanda,TRUE,TRUE,TRUE,TRUE,enlightened monk,
mn88,Buddha,buddha,TRUE,TRUE,TRUE,FALSE,buddha,
mn88,Pasenadi,pasenadi,TRUE,TRUE,TRUE,FALSE,,
mn88,Sirivaḍḍha,Sirivaḍḍha2,TRUE,TRUE,TRUE,FALSE,,
mn89,Buddha,buddha,TRUE,TRUE,TRUE,TRUE,buddha,
mn89,Dīgha Kārāyana,dīghakārāyana,TRUE,TRUE,TRUE,FALSE,,
mn89,Isidatta,Isidatta2,FALSE,TRUE,FALSE,FALSE,,
mn89,Pasenadi,pasenadi,TRUE,TRUE,TRUE,FALSE,,
mn89,Purāṇa,Purāṇa2,FALSE,TRUE,FALSE,FALSE,,
mn90,Ānanda,ānanda,TRUE,TRUE,TRUE,FALSE,enlightened monk,
mn90,Buddha,buddha,TRUE,TRUE,TRUE,TRUE,buddha,
mn90,Pasenadi,pasenadi,TRUE,TRUE,TRUE,FALSE,,
mn90,Sakulā,Sakulā2,TRUE,TRUE,TRUE,FALSE,,
mn90,Sañjaya,Sañjaya2,TRUE,TRUE,TRUE,FALSE,,
mn90,Somā,Somā2,TRUE,TRUE,TRUE,FALSE,,
mn90,Viḍūḍabha,viḍūḍabha,TRUE,TRUE,TRUE,FALSE,,
mn91,Brahmāyu,brahmāyu,TRUE,TRUE,TRUE,FALSE,,
mn91,Buddha,buddha,TRUE,TRUE,TRUE,TRUE,buddha,
mn91,Uttara,Uttara6,TRUE,TRUE,TRUE,FALSE,,
mn92,Bimbisāra,bimbisāra,FALSE,TRUE,FALSE,FALSE,,
mn92,Buddha,buddha,TRUE,TRUE,TRUE,TRUE,buddha,
mn92,Keṇiya,keṇiya,TRUE,TRUE,TRUE,FALSE,,
mn92,Māra,māra,FALSE,TRUE,FALSE,FALSE,,
mn92,Sāriputta,sāriputta,FALSE,TRUE,FALSE,FALSE,enlightened monk,
mn92,Sela,sela,TRUE,TRUE,TRUE,FALSE,,
mn93,Assalāyana,assalāyana,TRUE,TRUE,TRUE,FALSE,,
mn93,Brahmā,,FALSE,TRUE,FALSE,FALSE,,
mn93,Buddha,buddha,TRUE,TRUE,TRUE,TRUE,buddha,
mn93,Devala,,FALSE,TRUE,TRUE,FALSE,,
mn94,Buddha,buddha,FALSE,TRUE,FALSE,FALSE,buddha,
mn94,Ghoṭamukha,ghoṭamukha,TRUE,TRUE,TRUE,FALSE,,
mn94,Udena,Udena2,TRUE,TRUE,TRUE,TRUE,,
mn95,Aṅgīrasa,Aṅgīrasa2,FALSE,TRUE,FALSE,FALSE,,
mn95,Aṭṭhaka,aṭṭhaka1,FALSE,TRUE,FALSE,FALSE,,
mn95,Bhagu,bhagu1,FALSE,TRUE,FALSE,FALSE,,
mn95,Bhāradvāja,,FALSE,TRUE,FALSE,FALSE,,
mn95,Bimbisāra,bimbisāra,FALSE,TRUE,FALSE,FALSE,,
mn95,Buddha,buddha,TRUE,TRUE,TRUE,TRUE,buddha,
mn95,Caṅkī,caṅkī,TRUE,TRUE,TRUE,FALSE,,
mn95,Kāpaṭika,kāpathika,TRUE,TRUE,TRUE,FALSE,,
mn95,Kassapa,Kassapa4,FALSE,TRUE,FALSE,FALSE,,
mn95,Pasenadi,pasenadi,FALSE,TRUE,FALSE,FALSE,,
mn95,Pokkharasāti,pokkharasāti,FALSE,TRUE,FALSE,FALSE,,
mn95,Vāmadeva,vāmadeva,FALSE,TRUE,FALSE,FALSE,,
mn95,Vāmaka,vāmaka,FALSE,TRUE,FALSE,FALSE,,
mn95,Vāseṭṭha,Vāseṭṭha1,FALSE,TRUE,FALSE,FALSE,,
mn95,Vessāmitta,Vessamitta1,FALSE,TRUE,FALSE,FALSE,,
mn95,Yamadaggi,,FALSE,TRUE,FALSE,FALSE,,
mn96,Buddha,buddha,TRUE,TRUE,TRUE,TRUE,buddha,
mn96,Esukārī,esukārī,TRUE,TRUE,TRUE,FALSE,,
mn97,Buddha,buddha,TRUE,TRUE,TRUE,TRUE,buddha,
mn97,Dhanañjāni,,TRUE,TRUE,TRUE,FALSE,,
mn97,Sāriputta,sāriputta,TRUE,TRUE,TRUE,TRUE,enlightened monk,
mn98,Bhāradvāja,Bhāradvāja3,TRUE,TRUE,TRUE,FALSE,,
mn98,Brahmā,,FALSE,TRUE,FALSE,FALSE,,
mn98,Buddha,buddha,TRUE,TRUE,TRUE,TRUE,buddha,
mn98,Caṅkī,caṅkī,FALSE,TRUE,FALSE,FALSE,,
mn98,Jāṇussoṇi,jāṇussoṇi,FALSE,TRUE,FALSE,FALSE,,
mn98,Pokkharasāti,pokkharasāti,FALSE,TRUE,FALSE,FALSE,,
mn98,Sakka,sakka,FALSE,TRUE,FALSE,FALSE,deva,
mn98,Tārukkha,tārukkha,FALSE,TRUE,FALSE,FALSE,,
mn98,Todeyya,Todeyya1,FALSE,TRUE,FALSE,FALSE,,
mn98,Vāseṭṭha,Vāseṭṭha3,TRUE,TRUE,TRUE,FALSE,,
mn99,Aṅgīrasa,Aṅgīrasa2,FALSE,TRUE,FALSE,FALSE,,
mn99,Aṭṭhaka,aṭṭhaka1,FALSE,TRUE,FALSE,FALSE,,
mn99,Bhagu,bhagu1,FALSE,TRUE,FALSE,FALSE,,
mn99,Bhāradvāja,,FALSE,TRUE,FALSE,FALSE,,
mn99,Brahmā,,FALSE,TRUE,FALSE,FALSE,,
mn99,Buddha,buddha,TRUE,TRUE,TRUE,TRUE,buddha,
mn99,Caṅkī,caṅkī,FALSE,TRUE,FALSE,FALSE,,
mn99,Jāṇussoṇi,jāṇussoṇi,TRUE,TRUE,TRUE,FALSE,,
mn99,Kassapa,Kassapa4,FALSE,TRUE,FALSE,FALSE,,
mn99,Pasenadi,pasenadi,FALSE,TRUE,FALSE,FALSE,,
mn99,Pokkharasāti,pokkharasāti,FALSE,TRUE,FALSE,FALSE,,
mn99,Puṇṇikā,Puṇṇikā2,FALSE,TRUE,FALSE,FALSE,,
mn99,Subha,Subha2,TRUE,TRUE,TRUE,FALSE,,
mn99,Tārukkha,tārukkha,FALSE,TRUE,FALSE,FALSE,,
mn99,Todeyya,,FALSE,TRUE,FALSE,FALSE,,
mn99,Vāmadeva,vāmadeva,FALSE,TRUE,FALSE,FALSE,,
mn99,Vāmaka,vāmaka,FALSE,TRUE,FALSE,FALSE,,
mn99,Vāseṭṭha,Vāseṭṭha1,FALSE,TRUE,FALSE,FALSE,,
mn99,Vessāmitta,Vessamitta1,FALSE,TRUE,FALSE,FALSE,,
mn99,Yamadaggi,,FALSE,TRUE,FALSE,FALSE,,
mn100,Āḷāra Kālāma,āḷārakālāma,FALSE,TRUE,FALSE,FALSE,,Kālāma
mn100,Buddha,buddha,TRUE,TRUE,TRUE,TRUE,buddha,
mn100,Dhanañjānī,,TRUE,TRUE,TRUE,FALSE,,
mn100,Rāma,,FALSE,TRUE,FALSE,FALSE,,
mn100,Saṅgārava,saṅgārava,TRUE,TRUE,TRUE,FALSE,,
mn100,Suddhodana,suddhodana,FALSE,FALSE,FALSE,FALSE,,
mn100,Uddaka,uddaka,FALSE,TRUE,FALSE,FALSE,,
mn101,Buddha,buddha,TRUE,TRUE,TRUE,TRUE,buddha,
mn101,Nātaputta,nigaṇṭha-nāṭaputta,FALSE,TRUE,FALSE,FALSE,,
mn102,Buddha,buddha,TRUE,TRUE,TRUE,TRUE,buddha,
mn103,Buddha,buddha,TRUE,TRUE,TRUE,TRUE,buddha,
mn104,Ānanda,ānanda,TRUE,TRUE,TRUE,FALSE,enlightened monk,
mn104,Buddha,buddha,TRUE,TRUE,TRUE,TRUE,buddha,
mn104,Cunda,,TRUE,TRUE,TRUE,FALSE,,
mn104,Nātaputta,nigaṇṭha-nāṭaputta,FALSE,TRUE,FALSE,FALSE,,
mn105,Buddha,buddha,TRUE,TRUE,TRUE,TRUE,buddha,
mn105,Sunakkhatta,sunakkhatta,TRUE,TRUE,TRUE,FALSE,,
mn106,Ānanda,ānanda,TRUE,TRUE,TRUE,FALSE,enlightened monk,
mn106,Buddha,buddha,TRUE,TRUE,TRUE,TRUE,buddha,
mn106,Māra,māra,FALSE,TRUE,FALSE,FALSE,,
mn107,Buddha,buddha,TRUE,TRUE,TRUE,TRUE,buddha,
mn107,Moggallāna the Accountant,gaṇaka-moggallāna,TRUE,TRUE,TRUE,FALSE,,
mn108,Ajātasattu,ajātasattu,FALSE,TRUE,FALSE,FALSE,,
mn108,Ānanda,ānanda,TRUE,TRUE,TRUE,TRUE,enlightened monk,
mn108,Buddha,buddha,FALSE,TRUE,FALSE,FALSE,buddha,
mn108,Moggallāna the Guardian,,TRUE,TRUE,TRUE,FALSE,,
mn108,Pajjota,,FALSE,TRUE,FALSE,FALSE,,
mn108,Upananda,Upananda3,TRUE,TRUE,TRUE,FALSE,,
mn108,Vassakāra,vassakāra,TRUE,TRUE,TRUE,FALSE,,
mn109,Buddha,buddha,TRUE,TRUE,TRUE,TRUE,buddha,
mn110,Buddha,buddha,TRUE,TRUE,TRUE,TRUE,buddha,
mn111,Buddha,buddha,TRUE,TRUE,TRUE,TRUE,buddha,
mn111,Sāriputta,sāriputta,FALSE,TRUE,FALSE,FALSE,enlightened monk,
mn112,Buddha,buddha,TRUE,TRUE,TRUE,TRUE,buddha,
mn113,Buddha,buddha,TRUE,TRUE,TRUE,TRUE,buddha,
mn114,Buddha,buddha,TRUE,TRUE,TRUE,TRUE,buddha,
mn114,Sāriputta,sāriputta,TRUE,TRUE,TRUE,FALSE,enlightened monk,
mn115,Ānanda,ānanda,TRUE,TRUE,TRUE,FALSE,enlightened monk,
mn115,Brahmā,,FALSE,TRUE,FALSE,FALSE,,
mn115,Buddha,buddha,TRUE,TRUE,TRUE,TRUE,buddha,
mn115,Māra,māra,FALSE,TRUE,FALSE,FALSE,,
mn115,Sakka,sakka,FALSE,TRUE,FALSE,FALSE,deva,
mn116,Buddha,buddha,TRUE,TRUE,TRUE,TRUE,buddha,
mn117,Bhañña,bhañña,FALSE,TRUE,FALSE,FALSE,,
mn117,Buddha,buddha,TRUE,TRUE,TRUE,TRUE,buddha,
mn117,Vassa,vassa,FALSE,TRUE,FALSE,FALSE,,
mn118,Ānanda,ānanda,TRUE,TRUE,FALSE,FALSE,enlightened monk,
mn118,Anuruddha,anuruddha,TRUE,TRUE,FALSE,FALSE,enlightened monk,
mn118,Buddha,buddha,TRUE,TRUE,TRUE,TRUE,buddha,
mn118,Mahācunda,Cunda2,TRUE,TRUE,FALSE,FALSE,enlightened monk,
mn118,Mahākaccāna,mahākaccāyana,TRUE,TRUE,FALSE,FALSE,enlightened monk,
mn118,Mahākappina,mahākappina,TRUE,TRUE,FALSE,FALSE,enlightened monk,
mn118,Mahākassapa,mahākassapa,TRUE,TRUE,FALSE,FALSE,enlightened monk,
mn118,Mahākoṭṭhita,mahākoṭṭhita,TRUE,TRUE,FALSE,FALSE,enlightened monk,
mn118,Mahāmoggallāna,mahāmoggallāna,TRUE,TRUE,FALSE,FALSE,enlightened monk,Moggallāna
mn118,Revata,Revata1,TRUE,TRUE,FALSE,FALSE,,
mn118,Sāriputta,sāriputta,TRUE,TRUE,FALSE,FALSE,enlightened monk,
mn119,Buddha,buddha,TRUE,TRUE,TRUE,TRUE,buddha,
mn119,Māra,māra,FALSE,TRUE,FALSE,FALSE,,
mn120,Buddha,buddha,TRUE,TRUE,TRUE,TRUE,buddha,
mn121,Ānanda,ānanda,TRUE,TRUE,TRUE,FALSE,enlightened monk,
mn121,Buddha,buddha,TRUE,TRUE,TRUE,TRUE,buddha,
mn122,Ānanda,ānanda,TRUE,TRUE,TRUE,FALSE,enlightened monk,
mn122,Buddha,buddha,TRUE,TRUE,TRUE,TRUE,buddha,
mn122,Ghaṭa,ghaṭāya,FALSE,TRUE,FALSE,FALSE,,
mn122,Kāḷakhemaka,kālakhemaka,FALSE,TRUE,FALSE,FALSE,,
mn123,Ānanda,ānanda,TRUE,TRUE,TRUE,FALSE,enlightened monk,
mn123,Buddha,buddha,TRUE,TRUE,TRUE,TRUE,buddha,
mn124,Bakkula,bakkula,TRUE,TRUE,TRUE,TRUE,,
mn124,Kassapa,Acelakassapa1,TRUE,TRUE,TRUE,FALSE,,
mn125,Aciravata,aciravata,TRUE,TRUE,TRUE,FALSE,,
mn125,Buddha,buddha,TRUE,TRUE,TRUE,TRUE,buddha,
mn125,Jayasena,jayasena,TRUE,TRUE,TRUE,FALSE,,
mn126,Bhūmija,bhūmija,TRUE,TRUE,TRUE,FALSE,,
mn126,Buddha,buddha,TRUE,TRUE,TRUE,TRUE,buddha,
mn126,Jayasena,jayasena,TRUE,TRUE,TRUE,FALSE,,
mn127,Abhiya Kaccāna,,TRUE,TRUE,TRUE,FALSE,,
mn127,Anuruddha,anuruddha,TRUE,TRUE,TRUE,TRUE,enlightened monk,
mn127,Buddha,buddha,FALSE,TRUE,FALSE,FALSE,buddha,
mn127,Pañcakaṅga,pañcakaṅga,TRUE,TRUE,TRUE,FALSE,,
mn128,Anuruddha,anuruddha,TRUE,TRUE,TRUE,FALSE,enlightened monk,
mn128,Bhagu,,TRUE,TRUE,TRUE,FALSE,,
mn128,Buddha,buddha,TRUE,TRUE,TRUE,TRUE,buddha,
mn128,Kimbila,kimbila,TRUE,TRUE,TRUE,FALSE,,
mn128,Nandiya,Nandiya1,TRUE,TRUE,TRUE,FALSE,,
mn129,Buddha,buddha,TRUE,TRUE,TRUE,TRUE,buddha,
mn130,Buddha,buddha,TRUE,TRUE,TRUE,TRUE,buddha,
mn130,Yama,yama,TRUE,TRUE,TRUE,FALSE,,
mn131,Buddha,buddha,TRUE,TRUE,TRUE,TRUE,buddha,
mn132,Ānanda,ānanda,TRUE,TRUE,TRUE,TRUE,enlightened monk,
mn132,Buddha,buddha,TRUE,TRUE,TRUE,TRUE,buddha,
mn133,Buddha,buddha,TRUE,TRUE,TRUE,TRUE,buddha,
mn133,Mahākaccāna,mahākaccāyana,TRUE,TRUE,TRUE,TRUE,enlightened monk,
mn133,Samiddhi,samiddhi,TRUE,TRUE,TRUE,FALSE,,
mn134,Buddha,buddha,TRUE,TRUE,TRUE,TRUE,buddha,
mn134,Candana,Candana1,TRUE,TRUE,TRUE,FALSE,,
mn134,Lomasakaṅgiya,lomasakaṅgiya,TRUE,TRUE,TRUE,FALSE,,
mn135,Buddha,buddha,TRUE,TRUE,TRUE,TRUE,buddha,
mn135,Subha,Subha2,TRUE,TRUE,TRUE,FALSE,,
mn135,Todeyya,Todeyya1,FALSE,TRUE,FALSE,FALSE,,
mn136,Ānanda,ānanda,TRUE,TRUE,TRUE,FALSE,enlightened monk,
mn136,Buddha,buddha,TRUE,TRUE,TRUE,TRUE,buddha,
mn136,Potaliputta,potaliputta,TRUE,TRUE,TRUE,FALSE,,
mn136,Samiddhi,samiddhi,TRUE,TRUE,TRUE,FALSE,,
mn136,Udāyī,Udāyī1,TRUE,TRUE,TRUE,FALSE,,
mn137,Buddha,buddha,TRUE,TRUE,TRUE,TRUE,buddha,
mn138,Buddha,buddha,TRUE,TRUE,TRUE,TRUE,buddha,
mn138,Mahākaccāna,mahākaccāyana,TRUE,TRUE,TRUE,TRUE,enlightened monk,
mn139,Buddha,buddha,TRUE,TRUE,TRUE,TRUE,buddha,
mn139,Subhūti,subhūti,FALSE,TRUE,FALSE,FALSE,,
mn140,Bhaggava,bhaggava,TRUE,TRUE,TRUE,FALSE,,
mn140,Buddha,buddha,TRUE,TRUE,TRUE,TRUE,buddha,
mn140,Pukkusāti,pukkusāti,TRUE,TRUE,TRUE,FALSE,,
mn141,Buddha,buddha,TRUE,TRUE,TRUE,TRUE,buddha,
mn141,Mahāmoggallāna,mahāmoggallāna,FALSE,TRUE,FALSE,FALSE,enlightened monk,
mn141,Sāriputta,sāriputta,TRUE,TRUE,TRUE,TRUE,enlightened monk,
mn142,Ānanda,ānanda,TRUE,TRUE,TRUE,FALSE,enlightened monk,
mn142,Buddha,buddha,TRUE,TRUE,TRUE,TRUE,buddha,
mn142,Mahāpajāpati Gotamī,mahāpajāpatī,TRUE,TRUE,TRUE,FALSE,,
mn143,Ānanda,ānanda,TRUE,TRUE,TRUE,FALSE,enlightened monk,
mn143,Anāthapiṇḍika,anāthapiṇḍika,TRUE,TRUE,TRUE,FALSE,,
mn143,Buddha,buddha,TRUE,TRUE,TRUE,FALSE,buddha,
mn143,Sāriputta,sāriputta,TRUE,TRUE,TRUE,TRUE,enlightened monk,
mn144,Buddha,buddha,TRUE,TRUE,TRUE,FALSE,buddha,
mn144,Channa,Channa2,TRUE,TRUE,TRUE,FALSE,,
mn144,Mahācunda,Cunda2,TRUE,TRUE,TRUE,TRUE,enlightened monk,
mn144,Sāriputta,sāriputta,TRUE,TRUE,TRUE,FALSE,enlightened monk,
mn145,Anāthapiṇḍika,anāthapiṇḍika,FALSE,TRUE,FALSE,FALSE,,
mn145,Anāthapiṇḍika,anāthapiṇḍika,FALSE,TRUE,FALSE,FALSE,,
mn145,Buddha,buddha,TRUE,TRUE,TRUE,TRUE,buddha,
mn145,Puṇṇa,Puṇṇa1,TRUE,TRUE,TRUE,FALSE,,
mn146,Ānanda,ānanda,TRUE,TRUE,TRUE,FALSE,enlightened monk,
mn146,Buddha,buddha,TRUE,TRUE,TRUE,FALSE,buddha,
mn146,Mahāpajāpati Gotamī,mahāpajāpatī,TRUE,TRUE,TRUE,FALSE,,
mn146,Nandaka,Nandaka1,TRUE,TRUE,TRUE,TRUE,,
mn147,Buddha,buddha,TRUE,TRUE,TRUE,TRUE,buddha,
mn147,Rāhula,rāhula,TRUE,TRUE,TRUE,FALSE,enlightened monk,
mn148,Buddha,buddha,TRUE,TRUE,TRUE,TRUE,buddha,
mn149,Buddha,buddha,TRUE,TRUE,TRUE,TRUE,buddha,
mn150,Buddha,buddha,TRUE,TRUE,TRUE,TRUE,buddha,
mn151,Buddha,buddha,TRUE,TRUE,TRUE,TRUE,buddha,
mn151,Sāriputta,sāriputta,TRUE,TRUE,TRUE,FALSE,enlightened monk,
mn152,Ānanda,ānanda,TRUE,TRUE,TRUE,FALSE,enlightened monk,
mn152,Buddha,buddha,TRUE,TRUE,TRUE,TRUE,buddha,
mn152,Pārāsariya,Pārāsariya2,FALSE,TRUE,FALSE,FALSE,,
mn152,Uttara,Uttara5,TRUE,TRUE,TRUE,FALSE,,
